{
  "prompt_v1_scores": {
    "faithfulness": 0.9619595959595959,
    "answer_relevancy": 0.9053978688571349,
    "context_recall": 1.0,
    "context_precision": 0.9383333332609167
  },
  "prompt_v2_scores": {
    "faithfulness": 0.9397590187590187,
    "answer_relevancy": 0.8979290362506197,
    "context_recall": 1.0,
    "context_precision": 0.9449999999255835
  },
  "target_met": true
}